,filename,height,width,fullfilepath
0,auntminnie-a-2020_01_28_23_51_6665_2020_01_28_Vietnam_coronavirus.jpeg,882.0,888.0,/home/ubuntu/data_pipeline/data/images/auntminnie-a-2020_01_28_23_51_6665_2020_01_28_Vietnam_coronavirus.jpeg
1,auntminnie-b-2020_01_28_23_51_6665_2020_01_28_Vietnam_coronavirus.jpeg,880.0,891.0,/home/ubuntu/data_pipeline/data/images/auntminnie-b-2020_01_28_23_51_6665_2020_01_28_Vietnam_coronavirus.jpeg
2,auntminnie-c-2020_01_28_23_51_6665_2020_01_28_Vietnam_coronavirus.jpeg,882.0,876.0,/home/ubuntu/data_pipeline/data/images/auntminnie-c-2020_01_28_23_51_6665_2020_01_28_Vietnam_coronavirus.jpeg
3,auntminnie-d-2020_01_28_23_51_6665_2020_01_28_Vietnam_coronavirus.jpeg,880.0,874.0,/home/ubuntu/data_pipeline/data/images/auntminnie-d-2020_01_28_23_51_6665_2020_01_28_Vietnam_coronavirus.jpeg
6,ARDSSevere.png,790.0,631.0,/home/ubuntu/data_pipeline/data/images/ARDSSevere.png
21,nCoV-radiol.2020200269.fig1-day7.jpeg,700.0,630.0,/home/ubuntu/data_pipeline/data/images/nCoV-radiol.2020200269.fig1-day7.jpeg
22,nejmoa2001191_f1-PA.jpeg,1090.0,842.0,/home/ubuntu/data_pipeline/data/images/nejmoa2001191_f1-PA.jpeg
24,nejmoa2001191_f3-PA.jpeg,1104.0,874.0,/home/ubuntu/data_pipeline/data/images/nejmoa2001191_f3-PA.jpeg
27,nejmoa2001191_f5-PA.jpeg,1107.0,841.0,/home/ubuntu/data_pipeline/data/images/nejmoa2001191_f5-PA.jpeg
34,jkms-35-e79-g001-l-a.jpg,417.0,342.0,/home/ubuntu/data_pipeline/data/images/jkms-35-e79-g001-l-a.jpg
35,jkms-35-e79-g001-l-b.jpg,417.0,341.0,/home/ubuntu/data_pipeline/data/images/jkms-35-e79-g001-l-b.jpg
36,jkms-35-e79-g001-l-c.jpg,416.0,341.0,/home/ubuntu/data_pipeline/data/images/jkms-35-e79-g001-l-c.jpg
59,acute-respiratory-distress-syndrome-ards.jpg,999.0,816.0,/home/ubuntu/data_pipeline/data/images/acute-respiratory-distress-syndrome-ards.jpg
60,ards-secondary-to-tiger-snake-bite.png,927.0,795.0,/home/ubuntu/data_pipeline/data/images/ards-secondary-to-tiger-snake-bite.png
61,pneumocystis-pneumonia-2-PA.png,955.0,954.0,/home/ubuntu/data_pipeline/data/images/pneumocystis-pneumonia-2-PA.png
63,streptococcus-pneumoniae-pneumonia-1.jpg,1294.0,1022.0,/home/ubuntu/data_pipeline/data/images/streptococcus-pneumoniae-pneumonia-1.jpg
81,8FDE8DBA-CFBD-4B4C-B1A4-6F36A93B7E87.jpeg,657.0,657.0,/home/ubuntu/data_pipeline/data/images/8FDE8DBA-CFBD-4B4C-B1A4-6F36A93B7E87.jpeg
82,9C34AF49-E589-44D5-92D3-168B3B04E4A6.jpeg,651.0,659.0,/home/ubuntu/data_pipeline/data/images/9C34AF49-E589-44D5-92D3-168B3B04E4A6.jpeg
107,80446565-E090-4187-A031-9D3CEAA586C8.jpeg,1024.0,842.0,/home/ubuntu/data_pipeline/data/images/80446565-E090-4187-A031-9D3CEAA586C8.jpeg
109,D7AF463C-2369-492D-908D-BE1911CCD74C.jpeg,1024.0,842.0,/home/ubuntu/data_pipeline/data/images/D7AF463C-2369-492D-908D-BE1911CCD74C.jpeg
110,all14238-fig-0001-m-b.jpg,629.0,708.0,/home/ubuntu/data_pipeline/data/images/all14238-fig-0001-m-b.jpg
111,all14238-fig-0001-m-c.jpg,625.0,707.0,/home/ubuntu/data_pipeline/data/images/all14238-fig-0001-m-c.jpg
112,all14238-fig-0002-m-d.jpg,685.0,615.0,/home/ubuntu/data_pipeline/data/images/all14238-fig-0002-m-d.jpg
113,all14238-fig-0002-m-e.jpg,694.0,613.0,/home/ubuntu/data_pipeline/data/images/all14238-fig-0002-m-e.jpg
114,all14238-fig-0002-m-f.jpg,695.0,611.0,/home/ubuntu/data_pipeline/data/images/all14238-fig-0002-m-f.jpg
115,1-s2.0-S1684118220300608-main.pdf-001.jpg,477.0,411.0,/home/ubuntu/data_pipeline/data/images/1-s2.0-S1684118220300608-main.pdf-001.jpg
116,1-s2.0-S1684118220300608-main.pdf-002.jpg,508.0,500.0,/home/ubuntu/data_pipeline/data/images/1-s2.0-S1684118220300608-main.pdf-002.jpg
117,ciaa199.pdf-001-a.png,359.0,345.0,/home/ubuntu/data_pipeline/data/images/ciaa199.pdf-001-a.png
118,ciaa199.pdf-001-b.png,362.0,330.0,/home/ubuntu/data_pipeline/data/images/ciaa199.pdf-001-b.png
119,kjr-21-e24-g001-l-a.jpg,328.0,237.0,/home/ubuntu/data_pipeline/data/images/kjr-21-e24-g001-l-a.jpg
122,kjr-21-e24-g002-l-a.jpg,298.0,294.0,/home/ubuntu/data_pipeline/data/images/kjr-21-e24-g002-l-a.jpg
125,kjr-21-e24-g003-l-a.jpg,425.0,448.0,/home/ubuntu/data_pipeline/data/images/kjr-21-e24-g003-l-a.jpg
129,1-s2.0-S1684118220300682-main.pdf-002-a1.png,439.0,362.0,/home/ubuntu/data_pipeline/data/images/1-s2.0-S1684118220300682-main.pdf-002-a1.png
130,1-s2.0-S1684118220300682-main.pdf-002-a2.png,445.0,362.0,/home/ubuntu/data_pipeline/data/images/1-s2.0-S1684118220300682-main.pdf-002-a2.png
131,1-s2.0-S1684118220300682-main.pdf-003-b1.png,436.0,391.0,/home/ubuntu/data_pipeline/data/images/1-s2.0-S1684118220300682-main.pdf-003-b1.png
132,1-s2.0-S1684118220300682-main.pdf-003-b2.png,439.0,391.0,/home/ubuntu/data_pipeline/data/images/1-s2.0-S1684118220300682-main.pdf-003-b2.png
133,gr1_lrg-a.jpg,683.0,685.0,/home/ubuntu/data_pipeline/data/images/gr1_lrg-a.jpg
134,gr1_lrg-b.jpg,781.0,750.0,/home/ubuntu/data_pipeline/data/images/gr1_lrg-b.jpg
135,7D2CF6CE-F529-4470-8356-D33FFAF98600.jpeg,1024.0,842.0,/home/ubuntu/data_pipeline/data/images/7D2CF6CE-F529-4470-8356-D33FFAF98600.jpeg
142,41591_2020_819_Fig1_HTML.webp-day5.png,256.0,247.0,/home/ubuntu/data_pipeline/data/images/41591_2020_819_Fig1_HTML.webp-day5.png
143,41591_2020_819_Fig1_HTML.webp-day10.png,255.0,249.0,/home/ubuntu/data_pipeline/data/images/41591_2020_819_Fig1_HTML.webp-day10.png
146,kjr-21-e25-g001-l-a.jpg,424.0,437.0,/home/ubuntu/data_pipeline/data/images/kjr-21-e25-g001-l-a.jpg
150,figure1-5e73d7ae897e27ff066a30cb-98.jpeg,1474.0,973.0,/home/ubuntu/data_pipeline/data/images/figure1-5e73d7ae897e27ff066a30cb-98.jpeg
151,figure1-5e75d0940b71e1b702629659-98-right.jpeg,1261.0,982.0,/home/ubuntu/data_pipeline/data/images/figure1-5e75d0940b71e1b702629659-98-right.jpeg
155,2B8649B2-00C4-4233-85D5-1CE240CF233B.jpeg,1001.0,776.0,/home/ubuntu/data_pipeline/data/images/2B8649B2-00C4-4233-85D5-1CE240CF233B.jpeg
158,6C94A287-C059-46A0-8600-AFB95F4727B7.jpeg,1279.0,998.0,/home/ubuntu/data_pipeline/data/images/6C94A287-C059-46A0-8600-AFB95F4727B7.jpeg
179,58cb9263f16e94305c730685358e4e_jumbo.jpeg,931.0,1024.0,/home/ubuntu/data_pipeline/data/images/58cb9263f16e94305c730685358e4e_jumbo.jpeg
181,9fdd3c3032296fd04d2cad5d9070d4_jumbo.jpeg,1007.0,1024.0,/home/ubuntu/data_pipeline/data/images/9fdd3c3032296fd04d2cad5d9070d4_jumbo.jpeg
182,covid-19-pneumonia-rapidly-progressive-admission.jpg,1064.0,919.0,/home/ubuntu/data_pipeline/data/images/covid-19-pneumonia-rapidly-progressive-admission.jpg
183,covid-19-pneumonia-rapidly-progressive-12-hours.jpg,952.0,945.0,/home/ubuntu/data_pipeline/data/images/covid-19-pneumonia-rapidly-progressive-12-hours.jpg
184,covid-19-pneumonia-rapidly-progressive-3-days.jpg,1064.0,913.0,/home/ubuntu/data_pipeline/data/images/covid-19-pneumonia-rapidly-progressive-3-days.jpg
185,covid-19-rapidly-progressive-acute-respiratory-distress-syndrome-ards-admission.jpg,834.0,806.0,/home/ubuntu/data_pipeline/data/images/covid-19-rapidly-progressive-acute-respiratory-distress-syndrome-ards-admission.jpg
186,covid-19-rapidly-progressive-acute-respiratory-distress-syndrome-ards-day-1.jpg,894.0,762.0,/home/ubuntu/data_pipeline/data/images/covid-19-rapidly-progressive-acute-respiratory-distress-syndrome-ards-day-1.jpg
187,covid-19-rapidly-progressive-acute-respiratory-distress-syndrome-ards-day-2.jpg,972.0,712.0,/home/ubuntu/data_pipeline/data/images/covid-19-rapidly-progressive-acute-respiratory-distress-syndrome-ards-day-2.jpg
188,covid-19-rapidly-progressive-acute-respiratory-distress-syndrome-ards-day-3.jpg,994.0,913.0,/home/ubuntu/data_pipeline/data/images/covid-19-rapidly-progressive-acute-respiratory-distress-syndrome-ards-day-3.jpg
191,covid-19-pneumonia-28.png,981.0,901.0,/home/ubuntu/data_pipeline/data/images/covid-19-pneumonia-28.png
192,klebsiella-pneumonia-1.jpg,780.0,671.0,/home/ubuntu/data_pipeline/data/images/klebsiella-pneumonia-1.jpg
197,X-ray_of_cyst_in_pneumocystis_pneumonia_1.jpg,943.0,751.0,/home/ubuntu/data_pipeline/data/images/X-ray_of_cyst_in_pneumocystis_pneumonia_1.jpg
199,pneumocystis-carinii-pneumonia-1-PA.jpg,495.0,600.0,/home/ubuntu/data_pipeline/data/images/pneumocystis-carinii-pneumonia-1-PA.jpg
201,pneumocystis-pneumonia-12.png,788.0,750.0,/home/ubuntu/data_pipeline/data/images/pneumocystis-pneumonia-12.png
202,pneumocystis-jiroveci-pneumonia-2.png,902.0,899.0,/home/ubuntu/data_pipeline/data/images/pneumocystis-jiroveci-pneumonia-2.png
206,legionella-pneumonia-1.png,895.0,804.0,/home/ubuntu/data_pipeline/data/images/legionella-pneumonia-1.png
208,1.CXRCTThoraximagesofCOVID-19fromSingapore.pdf-000-fig1a.png,522.0,582.0,/home/ubuntu/data_pipeline/data/images/1.CXRCTThoraximagesofCOVID-19fromSingapore.pdf-000-fig1a.png
209,1.CXRCTThoraximagesofCOVID-19fromSingapore.pdf-000-fig1b.png,483.0,582.0,/home/ubuntu/data_pipeline/data/images/1.CXRCTThoraximagesofCOVID-19fromSingapore.pdf-000-fig1b.png
210,1.CXRCTThoraximagesofCOVID-19fromSingapore.pdf-001-fig2a.png,516.0,576.0,/home/ubuntu/data_pipeline/data/images/1.CXRCTThoraximagesofCOVID-19fromSingapore.pdf-001-fig2a.png
211,1.CXRCTThoraximagesofCOVID-19fromSingapore.pdf-001-fig2b.png,508.0,576.0,/home/ubuntu/data_pipeline/data/images/1.CXRCTThoraximagesofCOVID-19fromSingapore.pdf-001-fig2b.png
212,1.CXRCTThoraximagesofCOVID-19fromSingapore.pdf-002-fig3a.png,541.0,557.0,/home/ubuntu/data_pipeline/data/images/1.CXRCTThoraximagesofCOVID-19fromSingapore.pdf-002-fig3a.png
213,1.CXRCTThoraximagesofCOVID-19fromSingapore.pdf-002-fig3b.png,533.0,557.0,/home/ubuntu/data_pipeline/data/images/1.CXRCTThoraximagesofCOVID-19fromSingapore.pdf-002-fig3b.png
214,1.CXRCTThoraximagesofCOVID-19fromSingapore.pdf-003-fig4a.png,568.0,575.0,/home/ubuntu/data_pipeline/data/images/1.CXRCTThoraximagesofCOVID-19fromSingapore.pdf-003-fig4a.png
215,1.CXRCTThoraximagesofCOVID-19fromSingapore.pdf-003-fig4b.png,577.0,575.0,/home/ubuntu/data_pipeline/data/images/1.CXRCTThoraximagesofCOVID-19fromSingapore.pdf-003-fig4b.png
219,covid-19-pneumonia-evolution-over-a-week-1-day0-PA.jpg,450.0,389.0,/home/ubuntu/data_pipeline/data/images/covid-19-pneumonia-evolution-over-a-week-1-day0-PA.jpg
221,covid-19-pneumonia-evolution-over-a-week-1-day3.jpg,862.0,605.0,/home/ubuntu/data_pipeline/data/images/covid-19-pneumonia-evolution-over-a-week-1-day3.jpg
222,covid-19-pneumonia-evolution-over-a-week-1-day4.jpg,756.0,605.0,/home/ubuntu/data_pipeline/data/images/covid-19-pneumonia-evolution-over-a-week-1-day4.jpg
223,covid-19-pneumonia-evolution-over-a-week-1-day6.jpg,778.0,605.0,/home/ubuntu/data_pipeline/data/images/covid-19-pneumonia-evolution-over-a-week-1-day6.jpg
248,RX-torace-a-letto-del-paziente-in-unica-proiezione-AP-1-1.jpeg,474.0,397.0,/home/ubuntu/data_pipeline/data/images/RX-torace-a-letto-del-paziente-in-unica-proiezione-AP-1-1.jpeg
252,4e43e48d52c9e2d4c6c1fb9bc1544f_jumbo.jpeg,1020.0,1024.0,/home/ubuntu/data_pipeline/data/images/4e43e48d52c9e2d4c6c1fb9bc1544f_jumbo.jpeg
253,covid-19-pneumonia-53.jpg,797.0,821.0,/home/ubuntu/data_pipeline/data/images/covid-19-pneumonia-53.jpg
260,covid-19-pneumonia-43-day0.jpeg,640.0,543.0,/home/ubuntu/data_pipeline/data/images/covid-19-pneumonia-43-day0.jpeg
261,covid-19-pneumonia-43-day2.jpeg,640.0,574.0,/home/ubuntu/data_pipeline/data/images/covid-19-pneumonia-43-day2.jpeg
263,covid-19-pneumonia-42.jpeg,780.0,702.0,/home/ubuntu/data_pipeline/data/images/covid-19-pneumonia-42.jpeg
264,da9e9aac-de8c-44c7-ba57-e7cc8e4caaba.annot.original.jpeg,1280.0,956.0,/home/ubuntu/data_pipeline/data/images/da9e9aac-de8c-44c7-ba57-e7cc8e4caaba.annot.original.jpeg
266,fff49165-b22d-4bb4-b9d1-d5d62c52436c.annot.original.png,1024.0,1013.0,/home/ubuntu/data_pipeline/data/images/fff49165-b22d-4bb4-b9d1-d5d62c52436c.annot.original.png
269,radiol.2020201160.fig2a.jpeg,906.0,798.0,/home/ubuntu/data_pipeline/data/images/radiol.2020201160.fig2a.jpeg
270,radiol.2020201160.fig2b.jpeg,894.0,799.0,/home/ubuntu/data_pipeline/data/images/radiol.2020201160.fig2b.jpeg
271,radiol.2020201160.fig2c.jpeg,842.0,835.0,/home/ubuntu/data_pipeline/data/images/radiol.2020201160.fig2c.jpeg
272,radiol.2020201160.fig2d.jpeg,954.0,833.0,/home/ubuntu/data_pipeline/data/images/radiol.2020201160.fig2d.jpeg
273,radiol.2020201160.fig3a.jpeg,842.0,799.0,/home/ubuntu/data_pipeline/data/images/radiol.2020201160.fig3a.jpeg
274,radiol.2020201160.fig3b.jpeg,955.0,800.0,/home/ubuntu/data_pipeline/data/images/radiol.2020201160.fig3b.jpeg
275,radiol.2020201160.fig3c.jpeg,859.0,834.0,/home/ubuntu/data_pipeline/data/images/radiol.2020201160.fig3c.jpeg
276,radiol.2020201160.fig3d.jpeg,938.0,833.0,/home/ubuntu/data_pipeline/data/images/radiol.2020201160.fig3d.jpeg
277,radiol.2020201160.fig6b.jpeg,841.0,754.0,/home/ubuntu/data_pipeline/data/images/radiol.2020201160.fig6b.jpeg
278,ryct.2020003.fig2-a.png,157.0,156.0,/home/ubuntu/data_pipeline/data/images/ryct.2020003.fig2-a.png
279,ryct.2020003.fig2-b.png,173.0,157.0,/home/ubuntu/data_pipeline/data/images/ryct.2020003.fig2-b.png
280,ryct.2020003.fig2-c.png,165.0,157.0,/home/ubuntu/data_pipeline/data/images/ryct.2020003.fig2-c.png
281,radiol.2020200274.fig3d.png,500.0,430.0,/home/ubuntu/data_pipeline/data/images/radiol.2020200274.fig3d.png
282,covid-19-pneumonia-8.jpg,512.0,512.0,/home/ubuntu/data_pipeline/data/images/covid-19-pneumonia-8.jpg
283,covid-19-pneumonia-20-pa-on-admission.jpg,703.0,666.0,/home/ubuntu/data_pipeline/data/images/covid-19-pneumonia-20-pa-on-admission.jpg
285,covid-19-pneumonia-20.jpg,1044.0,945.0,/home/ubuntu/data_pipeline/data/images/covid-19-pneumonia-20.jpg
294,covid-19-pneumonia-41-day-0.jpg,814.0,733.0,/home/ubuntu/data_pipeline/data/images/covid-19-pneumonia-41-day-0.jpg
295,covid-19-pneumonia-41-day-2.jpg,957.0,852.0,/home/ubuntu/data_pipeline/data/images/covid-19-pneumonia-41-day-2.jpg
296,covid-19-pneumonia-44-day-0.jpeg,815.0,765.0,/home/ubuntu/data_pipeline/data/images/covid-19-pneumonia-44-day-0.jpeg
297,covid-19-pneumonia-44-day-8.jpeg,828.0,723.0,/home/ubuntu/data_pipeline/data/images/covid-19-pneumonia-44-day-8.jpeg
298,wong-0000.jpg,500.0,524.0,/home/ubuntu/data_pipeline/data/images/wong-0000.jpg
299,wong-0002.jpg,523.0,567.0,/home/ubuntu/data_pipeline/data/images/wong-0002.jpg
300,wong-0003.jpg,525.0,567.0,/home/ubuntu/data_pipeline/data/images/wong-0003.jpg
301,wong-0004.jpg,525.0,566.0,/home/ubuntu/data_pipeline/data/images/wong-0004.jpg
302,wong-0005.jpg,500.0,534.0,/home/ubuntu/data_pipeline/data/images/wong-0005.jpg
308,covid-19-pneumonia-mild.JPG,867.0,772.0,/home/ubuntu/data_pipeline/data/images/covid-19-pneumonia-mild.JPG
309,covid-19-pneumonia-67.jpeg,492.0,390.0,/home/ubuntu/data_pipeline/data/images/covid-19-pneumonia-67.jpeg
313,16660_1_1.jpg,902.0,787.0,/home/ubuntu/data_pipeline/data/images/16660_1_1.jpg
314,16660_2_1.jpg,834.0,806.0,/home/ubuntu/data_pipeline/data/images/16660_2_1.jpg
315,16660_3_1.jpg,894.0,762.0,/home/ubuntu/data_pipeline/data/images/16660_3_1.jpg
316,16660_4_1.jpg,972.0,712.0,/home/ubuntu/data_pipeline/data/images/16660_4_1.jpg
317,16660_5_1.jpg,994.0,913.0,/home/ubuntu/data_pipeline/data/images/16660_5_1.jpg
321,16691_1_1.jpg,1024.0,842.0,/home/ubuntu/data_pipeline/data/images/16691_1_1.jpg
328,ajr.20.23034.pdf-001.png,338.0,372.0,/home/ubuntu/data_pipeline/data/images/ajr.20.23034.pdf-001.png
329,ajr.20.23034.pdf-003.png,338.0,372.0,/home/ubuntu/data_pipeline/data/images/ajr.20.23034.pdf-003.png
330,yxppt-2020-02-19_00-51-27_287214-day8.jpg,331.0,324.0,/home/ubuntu/data_pipeline/data/images/yxppt-2020-02-19_00-51-27_287214-day8.jpg
331,yxppt-2020-02-19_00-51-27_287214-day10.jpg,333.0,325.0,/home/ubuntu/data_pipeline/data/images/yxppt-2020-02-19_00-51-27_287214-day10.jpg
332,yxppt-2020-02-19_00-51-27_287214-day12.jpg,332.0,324.0,/home/ubuntu/data_pipeline/data/images/yxppt-2020-02-19_00-51-27_287214-day12.jpg
333,ae6c954c0039de4b5edee53865ffee43-e6c8-0.jpg,679.0,497.0,/home/ubuntu/data_pipeline/data/images/ae6c954c0039de4b5edee53865ffee43-e6c8-0.jpg
334,6b3bdbc31f65230b8cdcc3cef5f8ba8a-40ac-0.jpg,610.0,440.0,/home/ubuntu/data_pipeline/data/images/6b3bdbc31f65230b8cdcc3cef5f8ba8a-40ac-0.jpg
340,AR-1.jpg,443.0,401.0,/home/ubuntu/data_pipeline/data/images/AR-1.jpg
341,AR-2.jpg,445.0,402.0,/home/ubuntu/data_pipeline/data/images/AR-2.jpg
342,2-chest-filmc.jpg,900.0,714.0,/home/ubuntu/data_pipeline/data/images/2-chest-filmc.jpg
343,paving.jpg,440.0,326.0,/home/ubuntu/data_pipeline/data/images/paving.jpg
344,7-fatal-covid19.jpg,440.0,348.0,/home/ubuntu/data_pipeline/data/images/7-fatal-covid19.jpg
345,extubation-1.jpg,444.0,369.0,/home/ubuntu/data_pipeline/data/images/extubation-1.jpg
346,extubation-4.jpg,443.0,370.0,/home/ubuntu/data_pipeline/data/images/extubation-4.jpg
347,extubation-8.jpg,442.0,367.0,/home/ubuntu/data_pipeline/data/images/extubation-8.jpg
348,extubation-13.jpg,446.0,366.0,/home/ubuntu/data_pipeline/data/images/extubation-13.jpg
349,16724_1_1.jpg,659.0,587.0,/home/ubuntu/data_pipeline/data/images/16724_1_1.jpg
350,16673_2_1.jpg,622.0,524.0,/home/ubuntu/data_pipeline/data/images/16673_2_1.jpg
354,16706_1_1.png,972.0,973.0,/home/ubuntu/data_pipeline/data/images/16706_1_1.png
357,case_76_1-3.png,817.0,852.0,/home/ubuntu/data_pipeline/data/images/case_76_1-3.png
359,covid-19-pneumonia-93.png,737.0,597.0,/home/ubuntu/data_pipeline/data/images/covid-19-pneumonia-93.png
367,16747_1_1.jpg,1045.0,872.0,/home/ubuntu/data_pipeline/data/images/16747_1_1.jpg
368,16747_2_1.jpg,1082.0,909.0,/home/ubuntu/data_pipeline/data/images/16747_2_1.jpg
369,16747_3_1.jpg,1036.0,885.0,/home/ubuntu/data_pipeline/data/images/16747_3_1.jpg
382,16745_2_1.PNG,952.0,663.0,/home/ubuntu/data_pipeline/data/images/16745_2_1.PNG
385,16745_3_1.png,516.0,542.0,/home/ubuntu/data_pipeline/data/images/16745_3_1.png
387,16745_4_1.png,499.0,580.0,/home/ubuntu/data_pipeline/data/images/16745_4_1.png
390,16745_5_1.png,958.0,797.0,/home/ubuntu/data_pipeline/data/images/16745_5_1.png
393,16745_6_1.png,774.0,702.0,/home/ubuntu/data_pipeline/data/images/16745_6_1.png
396,16745_7_1.png,623.0,600.0,/home/ubuntu/data_pipeline/data/images/16745_7_1.png
499,16646_1_1.jpg,901.0,901.0,/home/ubuntu/data_pipeline/data/images/16646_1_1.jpg
503,000001-2.jpg,715.0,645.0,/home/ubuntu/data_pipeline/data/images/000001-2.jpg
505,000005-5-a.jpg,381.0,328.0,/home/ubuntu/data_pipeline/data/images/000005-5-a.jpg
508,000005-3.png,724.0,595.0,/home/ubuntu/data_pipeline/data/images/000005-3.png
509,000006-2.png,726.0,723.0,/home/ubuntu/data_pipeline/data/images/000006-2.png
510,000007-2.png,685.0,677.0,/home/ubuntu/data_pipeline/data/images/000007-2.png
511,000010-2.png,766.0,768.0,/home/ubuntu/data_pipeline/data/images/000010-2.png
512,000001-9-a.jpg,428.0,360.0,/home/ubuntu/data_pipeline/data/images/000001-9-a.jpg
514,000002-11-a.jpg,411.0,385.0,/home/ubuntu/data_pipeline/data/images/000002-11-a.jpg
516,000001-3.png,568.0,492.0,/home/ubuntu/data_pipeline/data/images/000001-3.png
517,000002-4.png,586.0,492.0,/home/ubuntu/data_pipeline/data/images/000002-4.png
518,000003-4.png,503.0,492.0,/home/ubuntu/data_pipeline/data/images/000003-4.png
519,000004-3.png,585.0,492.0,/home/ubuntu/data_pipeline/data/images/000004-3.png
520,000001-12.jpg,373.0,361.0,/home/ubuntu/data_pipeline/data/images/000001-12.jpg
522,000001.jpg,506.0,462.0,/home/ubuntu/data_pipeline/data/images/000001.jpg
524,000008-8.jpg,545.0,462.0,/home/ubuntu/data_pipeline/data/images/000008-8.jpg
526,000016.jpg,534.0,462.0,/home/ubuntu/data_pipeline/data/images/000016.jpg
528,000024-1.jpg,526.0,462.0,/home/ubuntu/data_pipeline/data/images/000024-1.jpg
530,000001-17.jpg,624.0,512.0,/home/ubuntu/data_pipeline/data/images/000001-17.jpg
531,000002-19-a.jpg,432.0,452.0,/home/ubuntu/data_pipeline/data/images/000002-19-a.jpg
533,000001-19.jpg,826.0,768.0,/home/ubuntu/data_pipeline/data/images/000001-19.jpg
534,000006-12.jpg,744.0,744.0,/home/ubuntu/data_pipeline/data/images/000006-12.jpg
535,000010-5.jpg,499.0,493.0,/home/ubuntu/data_pipeline/data/images/000010-5.jpg
536,000011-6.jpg,507.0,491.0,/home/ubuntu/data_pipeline/data/images/000011-6.jpg
537,000012-3.jpg,476.0,491.0,/home/ubuntu/data_pipeline/data/images/000012-3.jpg
538,000001-6.png,773.0,768.0,/home/ubuntu/data_pipeline/data/images/000001-6.png
542,68_2020_1364_Fig1_HTML-a.png,561.0,554.0,/home/ubuntu/data_pipeline/data/images/68_2020_1364_Fig1_HTML-a.png
543,68_2020_1364_Fig1_HTML-b.png,613.0,509.0,/home/ubuntu/data_pipeline/data/images/68_2020_1364_Fig1_HTML-b.png
544,68_2020_1364_Fig1_HTML-c.png,582.0,512.0,/home/ubuntu/data_pipeline/data/images/68_2020_1364_Fig1_HTML-c.png
545,270_2020_2470_Fig1_HTML-a.png,1015.0,958.0,/home/ubuntu/data_pipeline/data/images/270_2020_2470_Fig1_HTML-a.png
546,270_2020_2470_Fig1_HTML-b.png,1003.0,958.0,/home/ubuntu/data_pipeline/data/images/270_2020_2470_Fig1_HTML-b.png
547,296_2020_4584_Fig2_HTML-a.png,550.0,609.0,/home/ubuntu/data_pipeline/data/images/296_2020_4584_Fig2_HTML-a.png
548,296_2020_4584_Fig2_HTML-b.png,586.0,610.0,/home/ubuntu/data_pipeline/data/images/296_2020_4584_Fig2_HTML-b.png
549,296_2020_4584_Fig2_HTML-c.png,605.0,609.0,/home/ubuntu/data_pipeline/data/images/296_2020_4584_Fig2_HTML-c.png
550,701_2020_4374_Fig2_HTML.png,768.0,743.0,/home/ubuntu/data_pipeline/data/images/701_2020_4374_Fig2_HTML.png
551,nejmoa2004500_f1-a.png,907.0,843.0,/home/ubuntu/data_pipeline/data/images/nejmoa2004500_f1-a.png
552,nejmoa2004500_f1-b.png,868.0,843.0,/home/ubuntu/data_pipeline/data/images/nejmoa2004500_f1-b.png
553,11547_2020_1200_Fig3_HTML-a.png,961.0,797.0,/home/ubuntu/data_pipeline/data/images/11547_2020_1200_Fig3_HTML-a.png
554,11547_2020_1200_Fig3_HTML-b.png,961.0,797.0,/home/ubuntu/data_pipeline/data/images/11547_2020_1200_Fig3_HTML-b.png
555,11547_2020_1200_Fig3_HTML-c.png,963.0,791.0,/home/ubuntu/data_pipeline/data/images/11547_2020_1200_Fig3_HTML-c.png
556,11547_2020_1200_Fig2_HTML-a.png,963.0,839.0,/home/ubuntu/data_pipeline/data/images/11547_2020_1200_Fig2_HTML-a.png
557,11547_2020_1200_Fig2_HTML-b.png,961.0,841.0,/home/ubuntu/data_pipeline/data/images/11547_2020_1200_Fig2_HTML-b.png
558,11547_2020_1202_Fig1_HTML-a.png,969.0,843.0,/home/ubuntu/data_pipeline/data/images/11547_2020_1202_Fig1_HTML-a.png
559,11547_2020_1202_Fig1_HTML-b.png,969.0,845.0,/home/ubuntu/data_pipeline/data/images/11547_2020_1202_Fig1_HTML-b.png
560,11547_2020_1203_Fig1_HTML-a.png,877.0,745.0,/home/ubuntu/data_pipeline/data/images/11547_2020_1203_Fig1_HTML-a.png
561,11547_2020_1203_Fig1_HTML-b.png,861.0,743.0,/home/ubuntu/data_pipeline/data/images/11547_2020_1203_Fig1_HTML-b.png
562,11547_2020_1203_Fig1_HTML-c.png,875.0,755.0,/home/ubuntu/data_pipeline/data/images/11547_2020_1203_Fig1_HTML-c.png
563,11547_2020_1203_Fig1_HTML-d.png,857.0,757.0,/home/ubuntu/data_pipeline/data/images/11547_2020_1203_Fig1_HTML-d.png
564,11547_2020_1203_Fig2_HTML-a.png,528.0,434.0,/home/ubuntu/data_pipeline/data/images/11547_2020_1203_Fig2_HTML-a.png
565,11547_2020_1203_Fig2_HTML-b.png,487.0,434.0,/home/ubuntu/data_pipeline/data/images/11547_2020_1203_Fig2_HTML-b.png
566,11547_2020_1203_Fig2_HTML-c.png,478.0,435.0,/home/ubuntu/data_pipeline/data/images/11547_2020_1203_Fig2_HTML-c.png
567,11547_2020_1203_Fig2_HTML-d.png,490.0,433.0,/home/ubuntu/data_pipeline/data/images/11547_2020_1203_Fig2_HTML-d.png
569,1-s2.0-S0196070920301691-gr3_lrg.jpg,951.0,729.0,/home/ubuntu/data_pipeline/data/images/1-s2.0-S0196070920301691-gr3_lrg.jpg
570,10.1016-slash-j.anl.2020.04.002-a.png,443.0,442.0,/home/ubuntu/data_pipeline/data/images/10.1016-slash-j.anl.2020.04.002-a.png
571,10.1016-slash-j.anl.2020.04.002-b.png,433.0,443.0,/home/ubuntu/data_pipeline/data/images/10.1016-slash-j.anl.2020.04.002-b.png
572,10.1016-slash-j.anl.2020.04.002-c.png,441.0,441.0,/home/ubuntu/data_pipeline/data/images/10.1016-slash-j.anl.2020.04.002-c.png
574,10.1016-slash-j.cardfail.2020.04.007-a.png,1000.0,967.0,/home/ubuntu/data_pipeline/data/images/10.1016-slash-j.cardfail.2020.04.007-a.png
575,10.1016-slash-j.cardfail.2020.04.007-b.png,998.0,931.0,/home/ubuntu/data_pipeline/data/images/10.1016-slash-j.cardfail.2020.04.007-b.png
576,10.1016-slash-j.chest.2020.04.024.png,701.0,645.0,/home/ubuntu/data_pipeline/data/images/10.1016-slash-j.chest.2020.04.024.png
577,1-s2.0-S1931312820301852-gr1_lrg-a.png,763.0,737.0,/home/ubuntu/data_pipeline/data/images/1-s2.0-S1931312820301852-gr1_lrg-a.png
578,1-s2.0-S1931312820301852-gr1_lrg-b.png,719.0,738.0,/home/ubuntu/data_pipeline/data/images/1-s2.0-S1931312820301852-gr1_lrg-b.png
579,1-s2.0-S1931312820301852-gr1_lrg-c.png,643.0,739.0,/home/ubuntu/data_pipeline/data/images/1-s2.0-S1931312820301852-gr1_lrg-c.png
582,10.1016-slash-j.crad.2020.04.002-a.png,945.0,793.0,/home/ubuntu/data_pipeline/data/images/10.1016-slash-j.crad.2020.04.002-a.png
583,10.1016-slash-j.crad.2020.04.002-b.png,945.0,945.0,/home/ubuntu/data_pipeline/data/images/10.1016-slash-j.crad.2020.04.002-b.png
584,10.1016-slash-j.healun.2020.04.004.jpg,876.0,882.0,/home/ubuntu/data_pipeline/data/images/10.1016-slash-j.healun.2020.04.004.jpg
585,10.1016-slash-j.hrcr.2020.04.015-a.png,745.0,613.0,/home/ubuntu/data_pipeline/data/images/10.1016-slash-j.hrcr.2020.04.015-a.png
586,10.1016-slash-j.hrcr.2020.04.015-b.png,749.0,609.0,/home/ubuntu/data_pipeline/data/images/10.1016-slash-j.hrcr.2020.04.015-b.png
587,10.1016-slash-j.hrcr.2020.04.015-fig3-a.png,693.0,673.0,/home/ubuntu/data_pipeline/data/images/10.1016-slash-j.hrcr.2020.04.015-fig3-a.png
588,10.1016-slash-j.hrcr.2020.04.015-fig3-b.png,693.0,671.0,/home/ubuntu/data_pipeline/data/images/10.1016-slash-j.hrcr.2020.04.015-fig3-b.png
590,1-s2.0-S2214250920300706-gr2_lrg.jpg,1340.0,1020.0,/home/ubuntu/data_pipeline/data/images/1-s2.0-S2214250920300706-gr2_lrg.jpg
592,1-s2.0-S2214250920300834-gr1_lrg-b.png,968.0,986.0,/home/ubuntu/data_pipeline/data/images/1-s2.0-S2214250920300834-gr1_lrg-b.png
593,1-s2.0-S2214250920300834-gr1_lrg-c.png,979.0,972.0,/home/ubuntu/data_pipeline/data/images/1-s2.0-S2214250920300834-gr1_lrg-c.png
594,1-s2.0-S2214250920300834-gr1_lrg-d.png,994.0,985.0,/home/ubuntu/data_pipeline/data/images/1-s2.0-S2214250920300834-gr1_lrg-d.png
599,1-s2.0-S1341321X20301124-gr3_lrg-a.png,910.0,700.0,/home/ubuntu/data_pipeline/data/images/1-s2.0-S1341321X20301124-gr3_lrg-a.png
600,1-s2.0-S1341321X20301124-gr3_lrg-b.png,907.0,697.0,/home/ubuntu/data_pipeline/data/images/1-s2.0-S1341321X20301124-gr3_lrg-b.png
601,1-s2.0-S1341321X20301124-gr3_lrg-c.png,907.0,689.0,/home/ubuntu/data_pipeline/data/images/1-s2.0-S1341321X20301124-gr3_lrg-c.png
602,1-s2.0-S1341321X20301124-gr3_lrg-d.png,913.0,651.0,/home/ubuntu/data_pipeline/data/images/1-s2.0-S1341321X20301124-gr3_lrg-d.png
603,1-s2.0-S1341321X20301124-gr3_lrg-e.png,913.0,643.0,/home/ubuntu/data_pipeline/data/images/1-s2.0-S1341321X20301124-gr3_lrg-e.png
606,1-s2.0-S0085253820303616-gr1_lrg-a.png,779.0,663.0,/home/ubuntu/data_pipeline/data/images/1-s2.0-S0085253820303616-gr1_lrg-a.png
607,1-s2.0-S0085253820303616-gr1_lrg-b.png,784.0,663.0,/home/ubuntu/data_pipeline/data/images/1-s2.0-S0085253820303616-gr1_lrg-b.png
608,1-s2.0-S2387020620301959-gr4_lrg-a.png,497.0,462.0,/home/ubuntu/data_pipeline/data/images/1-s2.0-S2387020620301959-gr4_lrg-a.png
609,1-s2.0-S2387020620301959-gr4_lrg-b.png,496.0,462.0,/home/ubuntu/data_pipeline/data/images/1-s2.0-S2387020620301959-gr4_lrg-b.png
610,1-s2.0-S2387020620301959-gr4_lrg-c.png,506.0,462.0,/home/ubuntu/data_pipeline/data/images/1-s2.0-S2387020620301959-gr4_lrg-c.png
611,1-s2.0-S2531043720300921-gr1.png,331.0,235.0,/home/ubuntu/data_pipeline/data/images/1-s2.0-S2531043720300921-gr1.png
612,fx1_lrg.jpg,734.0,590.0,/home/ubuntu/data_pipeline/data/images/fx1_lrg.jpg
613,gr2_lrg-a.png,324.0,272.0,/home/ubuntu/data_pipeline/data/images/gr2_lrg-a.png
614,gr2_lrg-b.png,291.0,268.0,/home/ubuntu/data_pipeline/data/images/gr2_lrg-b.png
615,gr2_lrg-c.png,286.0,272.0,/home/ubuntu/data_pipeline/data/images/gr2_lrg-c.png
616,1-s2.0-S1059131120301151-gr2-e.png,338.0,267.0,/home/ubuntu/data_pipeline/data/images/1-s2.0-S1059131120301151-gr2-e.png
617,1-s2.0-S1059131120301151-gr2-f.png,361.0,271.0,/home/ubuntu/data_pipeline/data/images/1-s2.0-S1059131120301151-gr2-f.png
618,41379_2020_536_Fig2_HTML-c1.png,468.0,369.0,/home/ubuntu/data_pipeline/data/images/41379_2020_536_Fig2_HTML-c1.png
619,41379_2020_536_Fig2_HTML-c2.png,465.0,366.0,/home/ubuntu/data_pipeline/data/images/41379_2020_536_Fig2_HTML-c2.png
620,afaa068f1.png,475.0,420.0,/home/ubuntu/data_pipeline/data/images/afaa068f1.png
621,12941_2020_358_Fig1_HTML.jpg,898.0,898.0,/home/ubuntu/data_pipeline/data/images/12941_2020_358_Fig1_HTML.jpg
622,40779_2020_233_Fig2_HTML-a.png,479.0,481.0,/home/ubuntu/data_pipeline/data/images/40779_2020_233_Fig2_HTML-a.png
623,41182_2020_203_Fig3_HTML.jpg,685.0,756.0,/home/ubuntu/data_pipeline/data/images/41182_2020_203_Fig3_HTML.jpg
624,41182_2020_203_Fig4_HTML.jpg,685.0,823.0,/home/ubuntu/data_pipeline/data/images/41182_2020_203_Fig4_HTML.jpg
625,41182_2020_203_Fig5_HTML.jpg,685.0,754.0,/home/ubuntu/data_pipeline/data/images/41182_2020_203_Fig5_HTML.jpg
629,BMJ-37-163-g1.jpg,450.0,450.0,/home/ubuntu/data_pipeline/data/images/BMJ-37-163-g1.jpg
630,thnov10p5641g006-c.png,375.0,277.0,/home/ubuntu/data_pipeline/data/images/thnov10p5641g006-c.png
637,000001-24.jpg,655.0,533.0,/home/ubuntu/data_pipeline/data/images/000001-24.jpg
638,000006-17.jpg,597.0,531.0,/home/ubuntu/data_pipeline/data/images/000006-17.jpg
639,000007-15.jpg,653.0,529.0,/home/ubuntu/data_pipeline/data/images/000007-15.jpg
640,000001-27.jpg,785.0,768.0,/home/ubuntu/data_pipeline/data/images/000001-27.jpg
642,covid-19-caso-82-1-8.png,489.0,431.0,/home/ubuntu/data_pipeline/data/images/covid-19-caso-82-1-8.png
643,covid-19-caso-85-1-9.png,866.0,641.0,/home/ubuntu/data_pipeline/data/images/covid-19-caso-85-1-9.png
644,covid-19-caso-85-4-6.png,1133.0,842.0,/home/ubuntu/data_pipeline/data/images/covid-19-caso-85-4-6.png
645,covid-19-caso-85-5-4.png,1056.0,842.0,/home/ubuntu/data_pipeline/data/images/covid-19-caso-85-5-4.png
650,covid-19-caso-94-1-14.png,1040.0,847.0,/home/ubuntu/data_pipeline/data/images/covid-19-caso-94-1-14.png
655,covid-19-caso-99-1-19.png,981.0,745.0,/home/ubuntu/data_pipeline/data/images/covid-19-caso-99-1-19.png
656,covid-19-caso-111-1-21.png,1109.0,701.0,/home/ubuntu/data_pipeline/data/images/covid-19-caso-111-1-21.png
657,08ed451c576ee00935ee178ec85c57_jumbo-1.jpeg,1024.0,839.0,/home/ubuntu/data_pipeline/data/images/08ed451c576ee00935ee178ec85c57_jumbo-1.jpeg
658,e73d6e89fcd781b8afd159cf533358_jumbo-1.jpeg,1024.0,839.0,/home/ubuntu/data_pipeline/data/images/e73d6e89fcd781b8afd159cf533358_jumbo-1.jpeg
660,6770dac454c45c86bc6c2d6193b177_jumbo.jpeg,1024.0,638.0,/home/ubuntu/data_pipeline/data/images/6770dac454c45c86bc6c2d6193b177_jumbo.jpeg
661,665f7ed5dcf52f235d8abed8cc200c_jumbo.jpeg,1005.0,1024.0,/home/ubuntu/data_pipeline/data/images/665f7ed5dcf52f235d8abed8cc200c_jumbo.jpeg
662,071d06607edf81d70c940e043bce34_jumbo.jpeg,1024.0,817.0,/home/ubuntu/data_pipeline/data/images/071d06607edf81d70c940e043bce34_jumbo.jpeg
663,0a6c60063b4bae4de001caaba306d1_jumbo.jpeg,1024.0,995.0,/home/ubuntu/data_pipeline/data/images/0a6c60063b4bae4de001caaba306d1_jumbo.jpeg
664,5ed7d0109672bdd3d58a7db7841f6a_jumbo.jpeg,1024.0,785.0,/home/ubuntu/data_pipeline/data/images/5ed7d0109672bdd3d58a7db7841f6a_jumbo.jpeg
665,fedd6c94d5dbd12d88c81a1020a3e4_jumbo.jpeg,1024.0,939.0,/home/ubuntu/data_pipeline/data/images/fedd6c94d5dbd12d88c81a1020a3e4_jumbo.jpeg
667,3eaf15de91d4ff55e6fb0e04cadb81_jumbo.jpeg,1024.0,783.0,/home/ubuntu/data_pipeline/data/images/3eaf15de91d4ff55e6fb0e04cadb81_jumbo.jpeg
668,a1fec23b293dfe7876660cb7acce43_jumbo.jpeg,1024.0,843.0,/home/ubuntu/data_pipeline/data/images/a1fec23b293dfe7876660cb7acce43_jumbo.jpeg
669,78b60346d1b3bce85353b6dc462d75_jumbo.jpeg,1024.0,843.0,/home/ubuntu/data_pipeline/data/images/78b60346d1b3bce85353b6dc462d75_jumbo.jpeg
670,c17cdd3972b233b97770bb57f7bba6_jumbo.jpeg,1024.0,846.0,/home/ubuntu/data_pipeline/data/images/c17cdd3972b233b97770bb57f7bba6_jumbo.jpeg
671,f44373474437c99b2740062c914438_jumbo.jpeg,1024.0,960.0,/home/ubuntu/data_pipeline/data/images/f44373474437c99b2740062c914438_jumbo.jpeg
674,3b66f98f30636b2e1fb42c1d0f18a8_jumbo.jpeg,1024.0,862.0,/home/ubuntu/data_pipeline/data/images/3b66f98f30636b2e1fb42c1d0f18a8_jumbo.jpeg
675,50e51fcefaa760d0757eeae6eb0858_jumbo.jpeg,1024.0,858.0,/home/ubuntu/data_pipeline/data/images/50e51fcefaa760d0757eeae6eb0858_jumbo.jpeg
676,8eda8be6369c87e0899f6d1642e97b_jumbo.jpeg,843.0,1024.0,/home/ubuntu/data_pipeline/data/images/8eda8be6369c87e0899f6d1642e97b_jumbo.jpeg
677,2d8a60a26381b256a5a6373708950e_jumbo.jpeg,1024.0,806.0,/home/ubuntu/data_pipeline/data/images/2d8a60a26381b256a5a6373708950e_jumbo.jpeg
678,2eadbbb367a0366d8c34350d083a83_jumbo.jpeg,1024.0,992.0,/home/ubuntu/data_pipeline/data/images/2eadbbb367a0366d8c34350d083a83_jumbo.jpeg
679,7867b1aa2d1241045c917f07a9e683_jumbo.jpeg,1024.0,862.0,/home/ubuntu/data_pipeline/data/images/7867b1aa2d1241045c917f07a9e683_jumbo.jpeg
680,5f8aaa4e85af075412849ebf8ebb54_jumbo-1.jpg,928.0,1024.0,/home/ubuntu/data_pipeline/data/images/5f8aaa4e85af075412849ebf8ebb54_jumbo-1.jpg
681,13cd850b02d1afe48c113a73eed882_jumbo-1.jpg,1024.0,1008.0,/home/ubuntu/data_pipeline/data/images/13cd850b02d1afe48c113a73eed882_jumbo-1.jpg
682,b50c02b92f2b98f5e1477ff759ce94_jumbo-1.jpg,1024.0,986.0,/home/ubuntu/data_pipeline/data/images/b50c02b92f2b98f5e1477ff759ce94_jumbo-1.jpg
683,94c6945194a265ae1301bec234a7e0_jumbo-1.jpg,1009.0,1024.0,/home/ubuntu/data_pipeline/data/images/94c6945194a265ae1301bec234a7e0_jumbo-1.jpg
684,52a8b6bf730b648d37b37d2aa51fd3_jumbo-1.jpg,962.0,1024.0,/home/ubuntu/data_pipeline/data/images/52a8b6bf730b648d37b37d2aa51fd3_jumbo-1.jpg
686,9a4e0141fd7681c4026b55b4e13914_jumbo-2.jpeg,1005.0,1024.0,/home/ubuntu/data_pipeline/data/images/9a4e0141fd7681c4026b55b4e13914_jumbo-2.jpeg
688,e9cc806fc1c90195d999dc8d022d28_jumbo-2.jpeg,903.0,1024.0,/home/ubuntu/data_pipeline/data/images/e9cc806fc1c90195d999dc8d022d28_jumbo-2.jpeg
689,bb25b35e1cc5cb0984ead37363db0e_jumbo-2.jpeg,999.0,1024.0,/home/ubuntu/data_pipeline/data/images/bb25b35e1cc5cb0984ead37363db0e_jumbo-2.jpeg
690,f6ece95b172eadba762bf3daef7441_jumbo-1.jpeg,995.0,1024.0,/home/ubuntu/data_pipeline/data/images/f6ece95b172eadba762bf3daef7441_jumbo-1.jpeg
691,582f068ae16494e015cf2b2ed90388_jumbo-1.jpeg,1024.0,973.0,/home/ubuntu/data_pipeline/data/images/582f068ae16494e015cf2b2ed90388_jumbo-1.jpeg
692,3d4364c0e44859e86017ee1660112e_jumbo-1.jpeg,952.0,1024.0,/home/ubuntu/data_pipeline/data/images/3d4364c0e44859e86017ee1660112e_jumbo-1.jpeg
694,487354e56da5b0363458d0297446f0_jumbo-1.jpeg,1024.0,961.0,/home/ubuntu/data_pipeline/data/images/487354e56da5b0363458d0297446f0_jumbo-1.jpeg
695,946b48f8564d681eb8950ea8a659e0_jumbo-1.jpeg,1024.0,1017.0,/home/ubuntu/data_pipeline/data/images/946b48f8564d681eb8950ea8a659e0_jumbo-1.jpeg
696,f410057190635755d60158d1595d67_jumbo-1.jpeg,1014.0,1024.0,/home/ubuntu/data_pipeline/data/images/f410057190635755d60158d1595d67_jumbo-1.jpeg
698,56bc74129531580d3c40b1f8ae77ab_jumbo.jpeg,1024.0,927.0,/home/ubuntu/data_pipeline/data/images/56bc74129531580d3c40b1f8ae77ab_jumbo.jpeg
699,d84789f9ece74ea65e7ec2c4faaaf3_jumbo.jpeg,1024.0,790.0,/home/ubuntu/data_pipeline/data/images/d84789f9ece74ea65e7ec2c4faaaf3_jumbo.jpeg
700,981f82325fcc645a78a1732ab783f1_jumbo.jpeg,1024.0,774.0,/home/ubuntu/data_pipeline/data/images/981f82325fcc645a78a1732ab783f1_jumbo.jpeg
701,26eecee1e498237cc3ea3274b79ff0_jumbo.jpg,958.0,1024.0,/home/ubuntu/data_pipeline/data/images/26eecee1e498237cc3ea3274b79ff0_jumbo.jpg
702,21f0cfca1c3d5d11e9eb8f6c670f73_jumbo.jpg,957.0,1024.0,/home/ubuntu/data_pipeline/data/images/21f0cfca1c3d5d11e9eb8f6c670f73_jumbo.jpg
703,b85b6449f7c3bfc841a973cca0ada7_jumbo.jpg,874.0,1024.0,/home/ubuntu/data_pipeline/data/images/b85b6449f7c3bfc841a973cca0ada7_jumbo.jpg
704,f72b17e863d0f958b65379b3669238_jumbo.jpg,1024.0,1014.0,/home/ubuntu/data_pipeline/data/images/f72b17e863d0f958b65379b3669238_jumbo.jpg
705,19876b357ac5c998a06d9614b6148a_jumbo.jpeg,959.0,1024.0,/home/ubuntu/data_pipeline/data/images/19876b357ac5c998a06d9614b6148a_jumbo.jpeg
706,22ebbc464e16ea1217228e3c9f4935_jumbo.jpeg,921.0,1024.0,/home/ubuntu/data_pipeline/data/images/22ebbc464e16ea1217228e3c9f4935_jumbo.jpeg
710,82cb30b7678c6da229c6dc222c39c9_jumbo.jpeg,859.0,1024.0,/home/ubuntu/data_pipeline/data/images/82cb30b7678c6da229c6dc222c39c9_jumbo.jpeg
711,84da526d0453b9b9e7896631e6b366_jumbo.jpeg,1024.0,827.0,/home/ubuntu/data_pipeline/data/images/84da526d0453b9b9e7896631e6b366_jumbo.jpeg
713,503d2fbe68cd143b0f15749b4f816b_jumbo.jpeg,1024.0,966.0,/home/ubuntu/data_pipeline/data/images/503d2fbe68cd143b0f15749b4f816b_jumbo.jpeg
716,1e64990d1b40c1758a2aaa9c7f7a85_jumbo.jpeg,1024.0,912.0,/home/ubuntu/data_pipeline/data/images/1e64990d1b40c1758a2aaa9c7f7a85_jumbo.jpeg
717,7223b8ad031187d9a142d7f7ca02c9_jumbo.jpeg,1024.0,952.0,/home/ubuntu/data_pipeline/data/images/7223b8ad031187d9a142d7f7ca02c9_jumbo.jpeg
718,3392dc7d262e28423caca517f98c2e_jumbo.jpeg,977.0,1024.0,/home/ubuntu/data_pipeline/data/images/3392dc7d262e28423caca517f98c2e_jumbo.jpeg
720,ec3a480c0926ded74429df416cfb05_jumbo.jpeg,1024.0,902.0,/home/ubuntu/data_pipeline/data/images/ec3a480c0926ded74429df416cfb05_jumbo.jpeg
721,076d9f1ab85d17bcf0f4f207891974_jumbo.jpg,1024.0,840.0,/home/ubuntu/data_pipeline/data/images/076d9f1ab85d17bcf0f4f207891974_jumbo.jpg
724,ba45a47c3ef5060ec39891046be7ca_jumbo.jpg,932.0,1024.0,/home/ubuntu/data_pipeline/data/images/ba45a47c3ef5060ec39891046be7ca_jumbo.jpg
726,6f36c4ad54047bc52b38fd8c9d1e22_jumbo.jpg,795.0,1024.0,/home/ubuntu/data_pipeline/data/images/6f36c4ad54047bc52b38fd8c9d1e22_jumbo.jpg
728,621f53af15cf08e6e13cb6812eead9_jumbo.jpg,837.0,1024.0,/home/ubuntu/data_pipeline/data/images/621f53af15cf08e6e13cb6812eead9_jumbo.jpg
752,000012.jpg,890.0,768.0,/home/ubuntu/data_pipeline/data/images/000012.jpg
755,000001-1.jpg,968.0,768.0,/home/ubuntu/data_pipeline/data/images/000001-1.jpg
757,000004.jpg,796.0,768.0,/home/ubuntu/data_pipeline/data/images/000004.jpg
758,000005.jpg,763.0,768.0,/home/ubuntu/data_pipeline/data/images/000005.jpg
759,000003.jpg,694.0,768.0,/home/ubuntu/data_pipeline/data/images/000003.jpg
760,000001-3.jpg,462.0,450.0,/home/ubuntu/data_pipeline/data/images/000001-3.jpg
762,000003-1.jpg,462.0,454.0,/home/ubuntu/data_pipeline/data/images/000003-1.jpg
764,000003-2.jpg,600.0,450.0,/home/ubuntu/data_pipeline/data/images/000003-2.jpg
765,000001-4.jpg,630.0,768.0,/home/ubuntu/data_pipeline/data/images/000001-4.jpg
766,000002-3.jpg,629.0,768.0,/home/ubuntu/data_pipeline/data/images/000002-3.jpg
767,000003-3.jpg,630.0,768.0,/home/ubuntu/data_pipeline/data/images/000003-3.jpg
768,000001-6.jpg,400.0,425.0,/home/ubuntu/data_pipeline/data/images/000001-6.jpg
769,000002-4.jpg,400.0,425.0,/home/ubuntu/data_pipeline/data/images/000002-4.jpg
770,000001-7.jpg,770.0,768.0,/home/ubuntu/data_pipeline/data/images/000001-7.jpg
771,000003-4.jpg,796.0,768.0,/home/ubuntu/data_pipeline/data/images/000003-4.jpg
772,000001-8.jpg,339.0,400.0,/home/ubuntu/data_pipeline/data/images/000001-8.jpg
773,000002-5.jpg,478.0,400.0,/home/ubuntu/data_pipeline/data/images/000002-5.jpg
774,000001-9.jpg,732.0,587.0,/home/ubuntu/data_pipeline/data/images/000001-9.jpg
775,000001-10.jpg,936.0,768.0,/home/ubuntu/data_pipeline/data/images/000001-10.jpg
776,000001-11.jpg,513.0,460.0,/home/ubuntu/data_pipeline/data/images/000001-11.jpg
777,000001-13.jpg,399.0,400.0,/home/ubuntu/data_pipeline/data/images/000001-13.jpg
778,000004.png,600.0,492.0,/home/ubuntu/data_pipeline/data/images/000004.png
779,000001.png,972.0,768.0,/home/ubuntu/data_pipeline/data/images/000001.png
781,000007.png,980.0,768.0,/home/ubuntu/data_pipeline/data/images/000007.png
783,16497_1_1.png,1140.0,866.0,/home/ubuntu/data_pipeline/data/images/16497_1_1.png
784,000001-14.jpg,400.0,337.0,/home/ubuntu/data_pipeline/data/images/000001-14.jpg
785,000002-6.jpg,400.0,338.0,/home/ubuntu/data_pipeline/data/images/000002-6.jpg
786,000001-15.jpg,722.0,768.0,/home/ubuntu/data_pipeline/data/images/000001-15.jpg
787,000002-7.jpg,763.0,768.0,/home/ubuntu/data_pipeline/data/images/000002-7.jpg
788,000003-5.jpg,762.0,768.0,/home/ubuntu/data_pipeline/data/images/000003-5.jpg
789,untitled.001_0.jpeg,526.0,501.0,/home/ubuntu/data_pipeline/data/images/untitled.001_0.jpeg
790,000001-1.png,604.0,499.0,/home/ubuntu/data_pipeline/data/images/000001-1.png
792,000003-6.jpg,604.0,499.0,/home/ubuntu/data_pipeline/data/images/000003-6.jpg
794,000001-4.png,447.0,418.0,/home/ubuntu/data_pipeline/data/images/000001-4.png
795,000001-18.jpg,461.0,431.0,/home/ubuntu/data_pipeline/data/images/000001-18.jpg
797,000010.jpg,427.0,461.0,/home/ubuntu/data_pipeline/data/images/000010.jpg
799,000001-20.jpg,384.0,384.0,/home/ubuntu/data_pipeline/data/images/000001-20.jpg
801,000005-1.jpg,384.0,384.0,/home/ubuntu/data_pipeline/data/images/000005-1.jpg
803,000007.jpg,384.0,384.0,/home/ubuntu/data_pipeline/data/images/000007.jpg
805,000012-1.jpg,384.0,449.0,/home/ubuntu/data_pipeline/data/images/000012-1.jpg
807,000001-5.png,857.0,768.0,/home/ubuntu/data_pipeline/data/images/000001-5.png
808,1-s2.0-S2387020620301959-gr3_lrg-a.png,731.0,581.0,/home/ubuntu/data_pipeline/data/images/1-s2.0-S2387020620301959-gr3_lrg-a.png
809,MERS-CoV-1-s2.0-S0378603X1500248X-gr4e.jpg,448.0,493.0,/home/ubuntu/data_pipeline/data/images/MERS-CoV-1-s2.0-S0378603X1500248X-gr4e.jpg
810,1-s2.0-S0378603X1500248X-gr2a.jpg,448.0,430.0,/home/ubuntu/data_pipeline/data/images/1-s2.0-S0378603X1500248X-gr2a.jpg
811,1-s2.0-S0378603X1500248X-gr2b.jpg,448.0,420.0,/home/ubuntu/data_pipeline/data/images/1-s2.0-S0378603X1500248X-gr2b.jpg
812,1-s2.0-S0378603X1500248X-gr2c.jpg,448.0,405.0,/home/ubuntu/data_pipeline/data/images/1-s2.0-S0378603X1500248X-gr2c.jpg
813,1-s2.0-S0378603X1500248X-gr2d.jpg,448.0,424.0,/home/ubuntu/data_pipeline/data/images/1-s2.0-S0378603X1500248X-gr2d.jpg
814,1-s2.0-S0378603X1500248X-gr3a.jpg,448.0,401.0,/home/ubuntu/data_pipeline/data/images/1-s2.0-S0378603X1500248X-gr3a.jpg
815,1-s2.0-S0378603X1500248X-gr3b.jpg,449.0,417.0,/home/ubuntu/data_pipeline/data/images/1-s2.0-S0378603X1500248X-gr3b.jpg
816,1-s2.0-S0378603X1500248X-gr3d.jpg,448.0,481.0,/home/ubuntu/data_pipeline/data/images/1-s2.0-S0378603X1500248X-gr3d.jpg
817,1-s2.0-S0378603X1500248X-gr4a.jpg,448.0,440.0,/home/ubuntu/data_pipeline/data/images/1-s2.0-S0378603X1500248X-gr4a.jpg
818,1-s2.0-S0378603X1500248X-gr4c.jpg,448.0,507.0,/home/ubuntu/data_pipeline/data/images/1-s2.0-S0378603X1500248X-gr4c.jpg
819,1-s2.0-S0378603X1500248X-gr4e.jpg,448.0,493.0,/home/ubuntu/data_pipeline/data/images/1-s2.0-S0378603X1500248X-gr4e.jpg
820,ansu-publish-ahead-of-print-10.1097.sla.0000000000003955-g001-a.png,220.0,206.0,/home/ubuntu/data_pipeline/data/images/ansu-publish-ahead-of-print-10.1097.sla.0000000000003955-g001-a.png
821,ansu-publish-ahead-of-print-10.1097.sla.0000000000003955-g001-c.png,227.0,202.0,/home/ubuntu/data_pipeline/data/images/ansu-publish-ahead-of-print-10.1097.sla.0000000000003955-g001-c.png
822,ansu-publish-ahead-of-print-10.1097.sla.0000000000003955-g001-d.png,221.0,205.0,/home/ubuntu/data_pipeline/data/images/ansu-publish-ahead-of-print-10.1097.sla.0000000000003955-g001-d.png
823,ansu-publish-ahead-of-print-10.1097.sla.0000000000003955-g001-f.png,225.0,205.0,/home/ubuntu/data_pipeline/data/images/ansu-publish-ahead-of-print-10.1097.sla.0000000000003955-g001-f.png
886,be835db3a56b5f76d607061dbb82a5_jumbo.jpeg,1024.0,843.0,/home/ubuntu/data_pipeline/data/images/be835db3a56b5f76d607061dbb82a5_jumbo.jpeg
887,3c48faa5dc2f1540fda696bae045ba_jumbo.jpeg,1024.0,770.0,/home/ubuntu/data_pipeline/data/images/3c48faa5dc2f1540fda696bae045ba_jumbo.jpeg
888,447d65b38231a1031586b304bc5837_jumbo.jpeg,1024.0,806.0,/home/ubuntu/data_pipeline/data/images/447d65b38231a1031586b304bc5837_jumbo.jpeg
889,81af553601a1bc1fdf81c99436a50b_jumbo.jpeg,1024.0,914.0,/home/ubuntu/data_pipeline/data/images/81af553601a1bc1fdf81c99436a50b_jumbo.jpeg
890,f46a9bfc7222e61e099a25ab9267da_jumbo.jpeg,1024.0,953.0,/home/ubuntu/data_pipeline/data/images/f46a9bfc7222e61e099a25ab9267da_jumbo.jpeg
891,882fd7ec99b523aead995d78f3129f_jumbo.jpeg,1024.0,843.0,/home/ubuntu/data_pipeline/data/images/882fd7ec99b523aead995d78f3129f_jumbo.jpeg
892,4cb2f877226f5e02b3064e1e52075f_jumbo.jpeg,1024.0,730.0,/home/ubuntu/data_pipeline/data/images/4cb2f877226f5e02b3064e1e52075f_jumbo.jpeg
893,556e19b9d38e2199dfa8722ddff25f_jumbo.jpeg,1024.0,907.0,/home/ubuntu/data_pipeline/data/images/556e19b9d38e2199dfa8722ddff25f_jumbo.jpeg
894,8781ac6b9589f3646d2bbfff8f9015_jumbo.jpeg,1024.0,870.0,/home/ubuntu/data_pipeline/data/images/8781ac6b9589f3646d2bbfff8f9015_jumbo.jpeg
895,7185bd4a8cc3280902117d034c7653_jumbo.jpg,1024.0,840.0,/home/ubuntu/data_pipeline/data/images/7185bd4a8cc3280902117d034c7653_jumbo.jpg
896,4c8dee3d9fe81567b98ed1b0b2b4c6_jumbo.JPG,1024.0,880.0,/home/ubuntu/data_pipeline/data/images/4c8dee3d9fe81567b98ed1b0b2b4c6_jumbo.JPG
897,75fb7cd80d5ca4074c474f93471ad4_jumbo.jpeg,1024.0,966.0,/home/ubuntu/data_pipeline/data/images/75fb7cd80d5ca4074c474f93471ad4_jumbo.jpeg
898,01ec02c48ce0120d57456b2ee2d02f_jumbo.jpeg,1003.0,1024.0,/home/ubuntu/data_pipeline/data/images/01ec02c48ce0120d57456b2ee2d02f_jumbo.jpeg
901,616f829f195d0cd856616586c7c35e_jumbo.jpeg,1024.0,807.0,/home/ubuntu/data_pipeline/data/images/616f829f195d0cd856616586c7c35e_jumbo.jpeg
902,71b364138ea4986831b3778081cd2e_jumbo.jpeg,1024.0,842.0,/home/ubuntu/data_pipeline/data/images/71b364138ea4986831b3778081cd2e_jumbo.jpeg
905,ffad3e6c27fe36031249c81647800f_jumbo.jpeg,1024.0,996.0,/home/ubuntu/data_pipeline/data/images/ffad3e6c27fe36031249c81647800f_jumbo.jpeg
907,b2f42e0cdfcbe32f189eb467b05e24_jumbo.jpg,892.0,1024.0,/home/ubuntu/data_pipeline/data/images/b2f42e0cdfcbe32f189eb467b05e24_jumbo.jpg
909,078d2e0b3e4fec1d603efb0e818c31_jumbo.jpeg,1024.0,750.0,/home/ubuntu/data_pipeline/data/images/078d2e0b3e4fec1d603efb0e818c31_jumbo.jpeg
910,8f46c8ad3d40a93b4a313f15092e1d_jumbo.jpeg,1024.0,956.0,/home/ubuntu/data_pipeline/data/images/8f46c8ad3d40a93b4a313f15092e1d_jumbo.jpeg
912,bc370d0566b31259c2d9544748eb21_jumbo.jpeg,1024.0,811.0,/home/ubuntu/data_pipeline/data/images/bc370d0566b31259c2d9544748eb21_jumbo.jpeg
913,3e9d9c9b02b9bcd81c851134667e76_jumbo.jpg,1024.0,840.0,/home/ubuntu/data_pipeline/data/images/3e9d9c9b02b9bcd81c851134667e76_jumbo.jpg
914,2fc8a7c61c76f13ee7f9306b44e792_jumbo.jpg,1024.0,840.0,/home/ubuntu/data_pipeline/data/images/2fc8a7c61c76f13ee7f9306b44e792_jumbo.jpg
915,92d755fba55c3305419b5cac83fbf5_jumbo.jpg,1024.0,840.0,/home/ubuntu/data_pipeline/data/images/92d755fba55c3305419b5cac83fbf5_jumbo.jpg
916,6ffc98957c18d4e3f2da8da48105e3_jumbo.jpg,1024.0,840.0,/home/ubuntu/data_pipeline/data/images/6ffc98957c18d4e3f2da8da48105e3_jumbo.jpg
917,dc025523f07c043550a2c9de68ae50_jumbo.jpeg,1024.0,902.0,/home/ubuntu/data_pipeline/data/images/dc025523f07c043550a2c9de68ae50_jumbo.jpeg
918,8b7aeaa2063bf9a12ed6b79c173f4e_jumbo.jpeg,1011.0,1024.0,/home/ubuntu/data_pipeline/data/images/8b7aeaa2063bf9a12ed6b79c173f4e_jumbo.jpeg
919,c94ef38ddb2d94aa11828716777139_jumbo.jpeg,1024.0,838.0,/home/ubuntu/data_pipeline/data/images/c94ef38ddb2d94aa11828716777139_jumbo.jpeg
920,1538fbfe9d0872739b00f5a51e4fdc_jumbo.jpeg,1016.0,1024.0,/home/ubuntu/data_pipeline/data/images/1538fbfe9d0872739b00f5a51e4fdc_jumbo.jpeg
922,7a7044c64a87936f09fee9a7f5c5fa_jumbo.jpeg,795.0,1024.0,/home/ubuntu/data_pipeline/data/images/7a7044c64a87936f09fee9a7f5c5fa_jumbo.jpeg
924,4e74cbafeab0bfd317a93e1aace6cf_jumbo.jpg,997.0,1024.0,/home/ubuntu/data_pipeline/data/images/4e74cbafeab0bfd317a93e1aace6cf_jumbo.jpg
926,2264f643b18b1010ec10a850f17550_jumbo.jpeg,935.0,1024.0,/home/ubuntu/data_pipeline/data/images/2264f643b18b1010ec10a850f17550_jumbo.jpeg
928,55f5189d2c23688ac8dc1d58eb65cf_jumbo.jpg,1024.0,851.0,/home/ubuntu/data_pipeline/data/images/55f5189d2c23688ac8dc1d58eb65cf_jumbo.jpg
